datetime,instrument,target,type
2024-04-01,PLTR,-0.04,rebalance
2024-04-01,VST,-0.1932812780144731,rebalance
2024-04-01,ENPH,0.76,rebalance
2024-04-01,MU,0.04,rebalance
2024-04-01,CCL,-2.9708630823319886e-06,rebalance
2024-04-01,TECH,-0.04,rebalance
2024-04-01,PODD,0.04,rebalance
2024-04-01,RMD,-0.11734765575988775,rebalance
2024-04-01,MPWR,0.04,rebalance
2024-04-01,WBA,-0.00840235684465976,rebalance
2024-04-01,WTW,-0.04,rebalance
2024-04-01,TRV,-0.22937755701186838,rebalance
2024-04-01,AFL,0.04,rebalance
2024-04-01,FI,0.04,rebalance
2024-04-01,OKE,-7.792450175353491e-06,rebalance
2024-04-01,ORCL,-0.04,rebalance
2024-04-01,TXT,-0.04,rebalance
2024-04-01,BRK-B,-0.04,rebalance
2024-04-01,EMR,-0.21158038905585347,rebalance
2024-04-01,RSG,0.04,rebalance
2024-04-08,MU,-0.04,rebalance
2024-04-08,SMCI,0.04,rebalance
2024-04-08,VST,-0.049445982354487585,rebalance
2024-04-08,ON,0.11643231372127069,rebalance
2024-04-08,CDNS,0.02180442369835278,rebalance
2024-04-08,IBKR,0.04,rebalance
2024-04-08,PSX,7.01992982557118e-07,rebalance
2024-04-08,PSKY,-9.550740264685753e-09,rebalance
2024-04-08,WDC,-0.08873377766211142,rebalance
2024-04-08,HUM,0.04,rebalance
2024-04-08,KHC,0.021750819976820518,rebalance
2024-04-08,RSG,-0.7200139685197163,rebalance
2024-04-08,KO,-0.021776594081371104,rebalance
2024-04-08,EMR,0.5966441039382366,rebalance
2024-04-08,NDSN,1.3486345211825937e-06,rebalance
2024-04-08,SNA,0.12336628803781556,rebalance
2024-04-08,TRV,-0.04,rebalance
2024-04-08,TXT,-5.455213549055927e-08,rebalance
2024-04-08,SPY,-2.9613279437870517e-05,rebalance
2024-04-08,STE,-0.04,rebalance
2024-04-08,AFL,0.0,close_nonmember
2024-04-08,BRK-B,0.0,close_nonmember
2024-04-08,ENPH,0.0,close_nonmember
2024-04-08,FI,0.0,close_nonmember
2024-04-08,MPWR,0.0,close_nonmember
2024-04-08,ORCL,0.0,close_nonmember
2024-04-08,PLTR,0.0,close_nonmember
2024-04-08,PODD,0.0,close_nonmember
2024-04-08,RMD,0.0,close_nonmember
2024-04-08,TECH,0.0,close_nonmember
2024-04-08,WBA,0.0,close_nonmember
2024-04-08,WTW,0.0,close_nonmember
2024-04-15,GLW,0.04,rebalance
2024-04-15,GNRC,0.04,rebalance
2024-04-15,GL,0.11912074115688914,rebalance
2024-04-15,F,-0.003000455851340848,rebalance
2024-04-15,SMCI,0.04,rebalance
2024-04-15,VST,-0.04,rebalance
2024-04-15,ENPH,-0.04,rebalance
2024-04-15,AES,0.04,rebalance
2024-04-15,PLTR,-0.04,rebalance
2024-04-15,ALB,0.6008792588431109,rebalance
2024-04-15,JNJ,-0.04,rebalance
2024-04-15,SPY,-0.14818522258066152,rebalance
2024-04-15,STE,-0.04,rebalance
2024-04-15,COR,0.04,rebalance
2024-04-15,KO,0.04,rebalance
2024-04-15,MCK,0.04,rebalance
2024-04-15,RSG,-0.04,rebalance
2024-04-15,TMUS,-0.14650860544032587,rebalance
2024-04-15,WMT,-0.04,rebalance
2024-04-15,LDOS,-0.42230571612767187,rebalance
2024-04-15,CDNS,0.0,close_nonmember
2024-04-15,EMR,0.0,close_nonmember
2024-04-15,HUM,0.0,close_nonmember
2024-04-15,IBKR,0.0,close_nonmember
2024-04-15,KHC,0.0,close_nonmember
2024-04-15,MU,0.0,close_nonmember
2024-04-15,ON,0.0,close_nonmember
2024-04-15,SNA,0.0,close_nonmember
2024-04-15,TRV,0.0,close_nonmember
2024-04-15,TXT,0.0,close_nonmember
2024-04-15,WDC,0.0,close_nonmember
2024-04-22,SMCI,-0.04,rebalance
2024-04-22,ALB,0.04,rebalance
2024-04-22,GL,0.04,rebalance
2024-04-22,GNRC,0.04,rebalance
2024-04-22,GEV,0.04,rebalance
2024-04-22,GLW,0.04,rebalance
2024-04-22,VST,0.15027819068803525,rebalance
2024-04-22,ENPH,0.0067489691133622845,rebalance
2024-04-22,TSLA,-0.12990668324548896,rebalance
2024-04-22,PSKY,0.04,rebalance
2024-04-22,CBRE,-0.590093316754511,rebalance
2024-04-22,DOV,0.0897196119425908,rebalance
2024-04-22,LDOS,-0.04,rebalance
2024-04-22,TXT,0.3025662782075558,rebalance
2024-04-22,V,-0.04,rebalance
2024-04-22,VLTO,-0.04,rebalance
2024-04-22,ECL,-0.04,rebalance
2024-04-22,RSG,-0.04,rebalance
2024-04-22,AME,0.2106869500484558,rebalance
2024-04-22,EA,-0.04,rebalance
2024-04-22,AES,0.0,close_nonmember
2024-04-22,COR,0.0,close_nonmember
2024-04-22,F,0.0,close_nonmember
2024-04-22,JNJ,0.0,close_nonmember
2024-04-22,KO,0.0,close_nonmember
2024-04-22,MCK,0.0,close_nonmember
2024-04-22,PLTR,0.0,close_nonmember
2024-04-22,SPY,0.0,close_nonmember
2024-04-22,STE,0.0,close_nonmember
2024-04-29,GNRC,0.04,rebalance
2024-04-29,GLW,0.04,rebalance
2024-04-29,GL,-0.7599772642899558,rebalance
2024-04-29,TSLA,0.04,rebalance
2024-04-29,PSKY,1.437985095177676e-05,rebalance
2024-04-29,VST,0.38000490826017513,rebalance
2024-04-29,INTC,0.04,rebalance
2024-04-29,GEV,0.04,rebalance
2024-04-29,SMCI,-0.04,rebalance
2024-04-29,PSX,3.491906944338807e-06,rebalance
2024-04-29,KO,0.04,rebalance
2024-04-29,MCD,-0.04,rebalance
2024-04-29,MSI,-0.04,rebalance
2024-04-29,PG,-0.04,rebalance
2024-04-29,PGR,0.3799756071332342,rebalance
2024-04-29,SPY,1.6128486944660012e-06,rebalance
2024-04-29,STE,-3.6765853764987287e-06,rebalance
2024-04-29,WMT,-0.04,rebalance
2024-04-29,RSG,-0.04,rebalance
2024-04-29,TMUS,-1.905912466755597e-05,rebalance
2024-04-29,ALB,0.0,close_nonmember
2024-04-29,AME,0.0,close_nonmember
2024-04-29,CBRE,0.0,close_nonmember
2024-04-29,DOV,0.0,close_nonmember
2024-04-29,EA,0.0,close_nonmember
2024-04-29,ECL,0.0,close_nonmember
2024-04-29,ENPH,0.0,close_nonmember
2024-04-29,LDOS,0.0,close_nonmember
2024-04-29,TXT,0.0,close_nonmember
2024-04-29,V,0.0,close_nonmember
2024-04-29,VLTO,0.0,close_nonmember
2024-05-06,PSX,-0.04,rebalance
2024-05-06,PSKY,0.04,rebalance
2024-05-06,DASH,-1.06084832283025e-05,rebalance
2024-05-06,SMCI,-0.630551267592562,rebalance
2024-05-06,MRNA,0.04,rebalance
2024-05-06,GEV,0.04,rebalance
2024-05-06,TECH,0.04,rebalance
2024-05-06,COP,0.04,rebalance
2024-05-06,ODFL,-0.04,rebalance
2024-05-06,GLW,0.567578119054702,rebalance
2024-05-06,EA,-0.04,rebalance
2024-05-06,SPY,-2.933950987529616e-05,rebalance
2024-05-06,STE,-0.04,rebalance
2024-05-06,WELL,-2.5825664798521514e-05,rebalance
2024-05-06,WM,0.15242188094529807,rebalance
2024-05-06,PG,0.04,rebalance
2024-05-06,PGR,-2.5828251340020666e-05,rebalance
2024-05-06,ATO,-0.16935713049819584,rebalance
2024-05-06,MO,-0.04,rebalance
2024-05-06,KO,0.04,rebalance
2024-05-06,GL,0.0,close_nonmember
2024-05-06,GNRC,0.0,close_nonmember
2024-05-06,INTC,0.0,close_nonmember
2024-05-06,MCD,0.0,close_nonmember
2024-05-06,MSI,0.0,close_nonmember
2024-05-06,RSG,0.0,close_nonmember
2024-05-06,TSLA,0.0,close_nonmember
2024-05-06,VST,0.0,close_nonmember
2024-05-06,WMT,0.0,close_nonmember
2024-05-13,SMCI,0.2416061546573297,rebalance
2024-05-13,PODD,0.04,rebalance
2024-05-13,EPAM,0.04,rebalance
2024-05-13,GL,0.04,rebalance
2024-05-13,NCLH,0.04,rebalance
2024-05-13,GLW,-0.5791718807234916,rebalance
2024-05-13,MTD,-0.04,rebalance
2024-05-13,PLTR,-0.04,rebalance
2024-05-13,GNRC,1.8215392069427808e-05,rebalance
2024-05-13,TSLA,-0.04,rebalance
2024-05-13,NI,0.2415786026022667,rebalance
2024-05-13,BLK,-0.04,rebalance
2024-05-13,BRK-B,-0.04,rebalance
2024-05-13,SPY,7.691634997459376e-06,rebalance
2024-05-13,STE,-0.04,rebalance
2024-05-13,KO,-0.04,rebalance
2024-05-13,MO,7.054940385240961e-07,rebalance
2024-05-13,ECL,-0.14082811927650835,rebalance
2024-05-13,PG,0.04,rebalance
2024-05-13,PGR,0.3167886302192982,rebalance
2024-05-13,ATO,0.0,close_nonmember
2024-05-13,COP,0.0,close_nonmember
2024-05-13,EA,0.0,close_nonmember
2024-05-13,GEV,0.0,close_nonmember
2024-05-13,MRNA,0.0,close_nonmember
2024-05-13,ODFL,0.0,close_nonmember
2024-05-13,PSKY,0.0,close_nonmember
2024-05-13,PSX,0.0,close_nonmember
2024-05-13,TECH,0.0,close_nonmember
2024-05-13,WM,0.0,close_nonmember
2024-05-20,MTCH,-0.8303045035611971,rebalance
2024-05-20,SMCI,-0.04,rebalance
2024-05-20,PSKY,0.3005540882900488,rebalance
2024-05-20,PSX,1.1732251997937444e-05,rebalance
2024-05-20,EPAM,0.04,rebalance
2024-05-20,GL,1.1467062901468392e-05,rebalance
2024-05-20,PLTR,0.04,rebalance
2024-05-20,JNJ,0.1553891185791134,rebalance
2024-05-20,MRNA,0.04,rebalance
2024-05-20,VST,0.04,rebalance
2024-05-20,CNP,-0.009694834266287639,rebalance
2024-05-20,DUK,0.04,rebalance
2024-05-20,EIX,-0.04,rebalance
2024-05-20,EL,-6.621725152252717e-07,rebalance
2024-05-20,ELV,-0.04,rebalance
2024-05-20,ETR,0.07860722357939828,rebalance
2024-05-20,EXC,0.04883963266121385,rebalance
2024-05-20,FE,-0.04,rebalance
2024-05-20,PPL,0.04,rebalance
2024-05-20,PEG,0.17658673757532636,rebalance
2024-05-20,BLK,0.0,close_nonmember
2024-05-20,BRK-B,0.0,close_nonmember
2024-05-20,ECL,0.0,close_nonmember
2024-05-20,GLW,0.0,close_nonmember
2024-05-20,KO,0.0,close_nonmember
2024-05-20,MTD,0.0,close_nonmember
2024-05-20,NI,0.0,close_nonmember
2024-05-20,PG,0.0,close_nonmember
2024-05-20,PGR,0.0,close_nonmember
2024-05-20,PODD,0.0,close_nonmember
2024-05-20,STE,0.0,close_nonmember
2024-05-20,TSLA,0.0,close_nonmember
2024-05-28,MRNA,0.04,rebalance
2024-05-28,FSLR,0.3178756487020732,rebalance
2024-05-28,DGX,0.04,rebalance
2024-05-28,NVDA,0.04,rebalance
2024-05-28,NRG,0.04,rebalance
2024-05-28,BLDR,0.18491655938945067,rebalance
2024-05-28,SMCI,-0.04,rebalance
2024-05-28,DECK,-0.3068332712352165,rebalance
2024-05-28,GL,2.836308909840166e-06,rebalance
2024-05-28,WBA,0.04,rebalance
2024-05-28,PNW,-0.04,rebalance
2024-05-28,RTX,0.11229000165454114,rebalance
2024-05-28,SBAC,-1.5759537211821739e-06,rebalance
2024-05-28,HOLX,-0.04,rebalance
2024-05-28,AVY,0.18491485545604452,rebalance
2024-05-28,PEG,-0.04,rebalance
2024-05-28,MO,9.84889805561427e-08,rebalance
2024-05-28,SPY,-2.2774991937142247e-06,rebalance
2024-05-28,STE,-0.04,rebalance
2024-05-28,GD,-0.49316287531186864,rebalance
2024-05-28,CNP,0.0,close_nonmember
2024-05-28,DUK,0.0,close_nonmember
2024-05-28,EIX,0.0,close_nonmember
2024-05-28,ELV,0.0,close_nonmember
2024-05-28,EPAM,0.0,close_nonmember
2024-05-28,ETR,0.0,close_nonmember
2024-05-28,EXC,0.0,close_nonmember
2024-05-28,FE,0.0,close_nonmember
2024-05-28,JNJ,0.0,close_nonmember
2024-05-28,MTCH,0.0,close_nonmember
2024-05-28,PLTR,0.0,close_nonmember
2024-05-28,PPL,0.0,close_nonmember
2024-05-28,PSKY,0.0,close_nonmember
2024-05-28,PSX,0.0,close_nonmember
2024-05-28,VST,0.0,close_nonmember
2024-06-03,FSLR,-0.04,rebalance
2024-06-03,HPQ,-0.3362656929290093,rebalance
2024-06-03,PODD,-0.34046034215866544,rebalance
2024-06-03,SMCI,-0.04,rebalance
2024-06-03,BLDR,-0.12324139279150206,rebalance
2024-06-03,MRNA,0.04,rebalance
2024-06-03,NRG,0.5665690569086576,rebalance
2024-06-03,CCL,0.04,rebalance
2024-06-03,VST,0.10578339148929375,rebalance
2024-06-03,CRM,0.04,rebalance
2024-06-03,HON,0.20760856620284032,rebalance
2024-06-03,HRL,2.9773706246975616e-05,rebalance
2024-06-03,HSIC,-0.04,rebalance
2024-06-03,KO,-2.484598635200928e-05,rebalance
2024-06-03,LIN,-3.379373756826131e-06,rebalance
2024-06-03,LKQ,-0.04,rebalance
2024-06-03,SPY,-4.04726483012102e-06,rebalance
2024-06-03,STE,-0.04,rebalance
2024-06-03,RTX,9.211692961445243e-06,rebalance
2024-06-03,SBAC,-2.9949588421351324e-07,rebalance
2024-06-03,AVY,0.0,close_nonmember
2024-06-03,DECK,0.0,close_nonmember
2024-06-03,DGX,0.0,close_nonmember
2024-06-03,GD,0.0,close_nonmember
2024-06-03,GL,0.0,close_nonmember
2024-06-03,HOLX,0.0,close_nonmember
2024-06-03,NVDA,0.0,close_nonmember
2024-06-03,PEG,0.0,close_nonmember
2024-06-03,PNW,0.0,close_nonmember
2024-06-03,WBA,0.0,close_nonmember
2024-06-10,CRWD,0.06978085586645609,rebalance
2024-06-10,NVDA,0.04,rebalance
2024-06-10,FSLR,0.20656447683825568,rebalance
2024-06-10,TPL,0.04,rebalance
2024-06-10,MRNA,0.04,rebalance
2024-06-10,VST,0.054379359705740565,rebalance
2024-06-10,ENPH,-0.04,rebalance
2024-06-10,SMCI,-0.04,rebalance
2024-06-10,KMI,-0.04,rebalance
2024-06-10,KKR,0.04,rebalance
2024-06-10,IBM,0.5092753075895476,rebalance
2024-06-10,PG,-1.1166825076165182e-05,rebalance
2024-06-10,PGR,-0.04,rebalance
2024-06-10,REGN,-0.04,rebalance
2024-06-10,RF,-0.04,rebalance
2024-06-10,RSG,-5.909160247287604e-06,rebalance
2024-06-10,TEL,-0.6799694424777862,rebalance
2024-06-10,HOLX,-0.04,rebalance
2024-06-10,SPY,-1.3481536890285222e-05,rebalance
2024-06-10,STE,-0.04,rebalance
2024-06-10,BLDR,0.0,close_nonmember
2024-06-10,CCL,0.0,close_nonmember
2024-06-10,CRM,0.0,close_nonmember
2024-06-10,HON,0.0,close_nonmember
2024-06-10,HPQ,0.0,close_nonmember
2024-06-10,HSIC,0.0,close_nonmember
2024-06-10,LKQ,0.0,close_nonmember
2024-06-10,NRG,0.0,close_nonmember
2024-06-10,PODD,0.0,close_nonmember
2024-06-10,RTX,0.0,close_nonmember
2024-06-17,HPE,0.04,rebalance
2024-06-17,VST,0.7999999999999999,rebalance
2024-06-17,BBY,-3.0270450263229845e-07,rebalance
2024-06-17,FSLR,-0.04,rebalance
2024-06-17,CRWD,0.04,rebalance
2024-06-17,ALGN,0.04,rebalance
2024-06-17,PSKY,-3.114459722071993e-05,rebalance
2024-06-17,PSX,-3.108470809032203e-05,rebalance
2024-06-17,ALB,-4.2585785597435784e-05,rebalance
2024-06-17,ENPH,-0.04,rebalance
2024-06-17,V,-0.04,rebalance
2024-06-17,VLTO,-0.04,rebalance
2024-06-17,IBM,-0.04,rebalance
2024-06-17,SYK,-0.7598235106975033,rebalance
2024-06-17,WELL,-1.9710636993082375e-05,rebalance
2024-06-17,WM,0.04,rebalance
2024-06-17,KO,-1.067550630675081e-05,rebalance
2024-06-17,SPY,-4.098536378544216e-05,rebalance
2024-06-17,STE,-0.04,rebalance
2024-06-17,WTW,0.04,rebalance
2024-06-17,HOLX,0.0,close_nonmember
2024-06-17,KKR,0.0,close_nonmember
2024-06-17,KMI,0.0,close_nonmember
2024-06-17,MRNA,0.0,close_nonmember
2024-06-17,NVDA,0.0,close_nonmember
2024-06-17,PGR,0.0,close_nonmember
2024-06-17,REGN,0.0,close_nonmember
2024-06-17,RF,0.0,close_nonmember
2024-06-17,SMCI,0.0,close_nonmember
2024-06-17,TEL,0.0,close_nonmember
2024-06-17,TPL,0.0,close_nonmember
2024-06-24,MRNA,0.04,rebalance
2024-06-24,VST,-0.43700954118532276,rebalance
2024-06-24,ENPH,-0.3629665881813432,rebalance
2024-06-24,RMD,0.04,rebalance
2024-06-24,PSX,-1.6561850121447733e-07,rebalance
2024-06-24,WBD,-4.338950642937122e-06,rebalance
2024-06-24,PSKY,0.4169629337878512,rebalance
2024-06-24,AES,0.38303706621214884,rebalance
2024-06-24,NVDA,0.04,rebalance
2024-06-24,BLDR,0.04,rebalance
2024-06-24,PG,-4.5887642982639066e-06,rebalance
2024-06-24,PGR,-4.686807293748351e-06,rebalance
2024-06-24,REG,-4.575600294077332e-06,rebalance
2024-06-24,TJX,-0.04,rebalance
2024-06-24,TMO,-0.04,rebalance
2024-06-24,VRSK,-0.04,rebalance
2024-06-24,MSI,-0.04,rebalance
2024-06-24,SPY,-5.514892303774979e-06,rebalance
2024-06-24,STE,-0.04,rebalance
2024-06-24,LKQ,0.04,rebalance
2024-06-24,ALGN,0.0,close_nonmember
2024-06-24,CRWD,0.0,close_nonmember
2024-06-24,FSLR,0.0,close_nonmember
2024-06-24,HPE,0.0,close_nonmember
2024-06-24,IBM,0.0,close_nonmember
2024-06-24,SYK,0.0,close_nonmember
2024-06-24,V,0.0,close_nonmember
2024-06-24,VLTO,0.0,close_nonmember
2024-06-24,WM,0.0,close_nonmember
2024-06-24,WTW,0.0,close_nonmember
2024-07-01,WSM,-0.04,rebalance
2024-07-01,SMCI,0.04,rebalance
2024-07-01,MRNA,0.7199976204955304,rebalance
2024-07-01,PNR,0.04,rebalance
2024-07-01,CCL,0.04,rebalance
2024-07-01,WBA,0.04,rebalance
2024-07-01,CDNS,0.04,rebalance
2024-07-01,VST,0.04,rebalance
2024-07-01,BLDR,-0.04,rebalance
2024-07-01,TSLA,-0.12890164959678338,rebalance
2024-07-01,AVB,-4.739840099141059e-07,rebalance
2024-07-01,CME,2.3795044696732458e-06,rebalance
2024-07-01,ATO,-0.04,rebalance
2024-07-01,FFIV,-0.04,rebalance
2024-07-01,LMT,0.04,rebalance
2024-07-01,LNT,-0.2996866981988225,rebalance
2024-07-01,MSI,-5.115419293286495e-06,rebalance
2024-07-01,SPY,-8.963521155891308e-07,rebalance
2024-07-01,STE,-0.04,rebalance
2024-07-01,RSG,-0.3714051664489753,rebalance
2024-07-01,AES,0.0,close_nonmember
2024-07-01,ENPH,0.0,close_nonmember
2024-07-01,LKQ,0.0,close_nonmember
2024-07-01,NVDA,0.0,close_nonmember
2024-07-01,PSKY,0.0,close_nonmember
2024-07-01,PSX,0.0,close_nonmember
2024-07-01,RMD,0.0,close_nonmember
2024-07-01,TJX,0.0,close_nonmember
2024-07-01,TMO,0.0,close_nonmember
2024-07-01,VRSK,0.0,close_nonmember
2024-07-08,ENPH,-0.04,rebalance
2024-07-08,FSLR,0.04,rebalance
2024-07-08,WBA,0.04,rebalance
2024-07-08,NKE,-0.04,rebalance
2024-07-08,PSKY,0.08886138013643682,rebalance
2024-07-08,COIN,0.04,rebalance
2024-07-08,CMG,0.04,rebalance
2024-07-08,PSX,0.07809228360973126,rebalance
2024-07-08,PLTR,0.04,rebalance
2024-07-08,TSLA,-0.6799999999999999,rebalance
2024-07-08,BR,-0.04,rebalance
2024-07-08,LDOS,-0.04,rebalance
2024-07-08,LIN,0.21853197508868838,rebalance
2024-07-08,LKQ,-0.04,rebalance
2024-07-08,EVRG,0.04,rebalance
2024-07-08,FE,-0.04,rebalance
2024-07-08,RSG,0.12036089937354812,rebalance
2024-07-08,SPY,0.2541534617915954,rebalance
2024-07-08,STE,-0.04,rebalance
2024-07-08,NDAQ,-0.04,rebalance
2024-07-08,BLDR,0.0,close_nonmember
2024-07-08,CCL,0.0,close_nonmember
2024-07-08,CDNS,0.0,close_nonmember
2024-07-08,LNT,0.0,close_nonmember
2024-07-08,MRNA,0.0,close_nonmember
2024-07-08,MSI,0.0,close_nonmember
2024-07-08,PNR,0.0,close_nonmember
2024-07-08,SMCI,0.0,close_nonmember
2024-07-08,VST,0.0,close_nonmember
2024-07-08,WSM,0.0,close_nonmember
2024-07-15,MRNA,0.04,rebalance
2024-07-15,MU,0.04,rebalance
2024-07-15,AES,5.5573281905315706e-05,rebalance
2024-07-15,CNP,-0.7998767408249388,rebalance
2024-07-15,FSLR,0.42215152855257404,rebalance
2024-07-15,NEM,-0.04,rebalance
2024-07-15,ENPH,-0.04,rebalance
2024-07-15,ALB,0.04,rebalance
2024-07-15,VST,0.3377928981655206,rebalance
2024-07-15,NVDA,0.04,rebalance
2024-07-15,MCO,0.04,rebalance
2024-07-15,MO,-2.5583737613664415e-05,rebalance
2024-07-15,NDAQ,-0.04,rebalance
2024-07-15,REG,-2.5313593541601715e-05,rebalance
2024-07-15,RSG,-1.7206855733768636e-05,rebalance
2024-07-15,SPGI,0.04,rebalance
2024-07-15,SPY,-2.034359526572705e-05,rebalance
2024-07-15,STE,-0.04,rebalance
2024-07-15,TJX,-3.481139290626514e-05,rebalance
2024-07-15,TMO,-0.04,rebalance
2024-07-15,BR,0.0,close_nonmember
2024-07-15,CMG,0.0,close_nonmember
2024-07-15,COIN,0.0,close_nonmember
2024-07-15,EVRG,0.0,close_nonmember
2024-07-15,FE,0.0,close_nonmember
2024-07-15,LDOS,0.0,close_nonmember
2024-07-15,LIN,0.0,close_nonmember
2024-07-15,LKQ,0.0,close_nonmember
2024-07-15,NKE,0.0,close_nonmember
2024-07-15,PLTR,0.0,close_nonmember
2024-07-15,PSKY,0.0,close_nonmember
2024-07-15,PSX,0.0,close_nonmember
2024-07-15,TSLA,0.0,close_nonmember
2024-07-15,WBA,0.0,close_nonmember
2024-07-22,WBA,0.0002615355538550462,rebalance
2024-07-22,DPZ,0.04,rebalance
2024-07-22,NKE,-0.3638847794207594,rebalance
2024-07-22,SMCI,0.04,rebalance
2024-07-22,CRWD,0.04,rebalance
2024-07-22,FSLR,-0.04,rebalance
2024-07-22,AMD,0.42960486031311323,rebalance
2024-07-22,AMAT,-0.39589215097363034,rebalance
2024-07-22,LRCX,-0.04,rebalance
2024-07-22,MGM,-0.04,rebalance
2024-07-22,PNW,0.04,rebalance
2024-07-22,TYL,-0.00022306960561019573,rebalance
2024-07-22,DUK,0.04,rebalance
2024-07-22,EVRG,0.33012926351349137,rebalance
2024-07-22,FE,-0.04,rebalance
2024-07-22,KMB,3.988247073216265e-06,rebalance
2024-07-22,NDAQ,-0.04,rebalance
2024-07-22,RSG,3.523724670968724e-07,rebalance
2024-07-22,SO,-0.04,rebalance
2024-07-22,SPGI,0.04,rebalance
2024-07-22,AES,0.0,close_nonmember
2024-07-22,ALB,0.0,close_nonmember
2024-07-22,CNP,0.0,close_nonmember
2024-07-22,ENPH,0.0,close_nonmember
2024-07-22,MCO,0.0,close_nonmember
2024-07-22,MRNA,0.0,close_nonmember
2024-07-22,MU,0.0,close_nonmember
2024-07-22,NEM,0.0,close_nonmember
2024-07-22,NVDA,0.0,close_nonmember
2024-07-22,STE,0.0,close_nonmember
2024-07-22,TMO,0.0,close_nonmember
2024-07-22,VST,0.0,close_nonmember
2024-07-29,CRWD,-0.02698730783356793,rebalance
2024-07-29,VST,0.04,rebalance
2024-07-29,EW,0.04,rebalance
2024-07-29,SMCI,-0.04,rebalance
2024-07-29,AVGO,0.04,rebalance
2024-07-29,ALGN,0.04,rebalance
2024-07-29,PLTR,1.3874325287849506e-05,rebalance
2024-07-29,AMD,-0.7329946061308078,rebalance
2024-07-29,TSLA,0.04,rebalance
2024-07-29,CDNS,0.7599853629716332,rebalance
2024-07-29,LKQ,-0.04,rebalance
2024-07-29,LYB,-6.734839974156217e-06,rebalance
2024-07-29,PRU,0.04,rebalance
2024-07-29,SPGI,-0.04,rebalance
2024-07-29,DUK,-0.04,rebalance
2024-07-29,FOXA,-6.367992851749854e-06,rebalance
2024-07-29,AMGN,-0.04,rebalance
2024-07-29,COR,-0.04,rebalance
2024-07-29,KO,7.627030790102374e-07,rebalance
2024-07-29,O,-4.983202798291163e-06,rebalance
2024-07-29,AMAT,0.0,close_nonmember
2024-07-29,DPZ,0.0,close_nonmember
2024-07-29,EVRG,0.0,close_nonmember
2024-07-29,FE,0.0,close_nonmember
2024-07-29,FSLR,0.0,close_nonmember
2024-07-29,LRCX,0.0,close_nonmember
2024-07-29,MGM,0.0,close_nonmember
2024-07-29,NDAQ,0.0,close_nonmember
2024-07-29,NKE,0.0,close_nonmember
2024-07-29,PNW,0.0,close_nonmember
2024-07-29,SO,0.0,close_nonmember
2024-07-29,WBA,0.0,close_nonmember
2024-08-05,ENPH,0.42954841169946145,rebalance
2024-08-05,VST,-0.29354395158346475,rebalance
2024-08-05,ALB,-4.208579864694322e-06,rebalance
2024-08-05,MPWR,-0.04,rebalance
2024-08-05,KLAC,-0.04,rebalance
2024-08-05,NVDA,0.04,rebalance
2024-08-05,TER,-1.097675182530884e-06,rebalance
2024-08-05,TSLA,0.04,rebalance
2024-08-05,AVGO,0.04,rebalance
2024-08-05,ALGN,0.04,rebalance
2024-08-05,UDR,-0.04,rebalance
2024-08-05,FOXA,-9.451072220680685e-06,rebalance
2024-08-05,HOLX,-0.04,rebalance
2024-08-05,MDT,-0.25323028722415486,rebalance
2024-08-05,PKG,-0.04,rebalance
2024-08-05,SPGI,0.3704515883005385,rebalance
2024-08-05,XOM,-5.439156733197913e-06,rebalance
2024-08-05,EQR,0.04,rebalance
2024-08-05,ERIE,-0.25320012368939815,rebalance
2024-08-05,WMT,-5.441018981106618e-06,rebalance
2024-08-05,AMD,0.0,close_nonmember
2024-08-05,AMGN,0.0,close_nonmember
2024-08-05,CDNS,0.0,close_nonmember
2024-08-05,COR,0.0,close_nonmember
2024-08-05,CRWD,0.0,close_nonmember
2024-08-05,DUK,0.0,close_nonmember
2024-08-05,EW,0.0,close_nonmember
2024-08-05,LKQ,0.0,close_nonmember
2024-08-05,PRU,0.0,close_nonmember
2024-08-05,SMCI,0.0,close_nonmember
2024-08-12,MRNA,0.04,rebalance
2024-08-12,VST,0.04,rebalance
2024-08-12,INTC,-0.04,rebalance
2024-08-12,AVGO,0.04,rebalance
2024-08-12,NVDA,0.04,rebalance
2024-08-12,WBD,3.088876352266696e-06,rebalance
2024-08-12,SMCI,0.08949362934110115,rebalance
2024-08-12,QCOM,0.04,rebalance
2024-08-12,AMAT,0.35276881271844834,rebalance
2024-08-12,AMD,-0.2774386886139994,rebalance
2024-08-12,LIN,-1.2316158842819135e-06,rebalance
2024-08-12,LKQ,-0.04,rebalance
2024-08-12,O,-1.1657305447660283e-07,rebalance
2024-08-12,PCG,-0.2851196924748369,rebalance
2024-08-12,YUM,0.31773446906409814,rebalance
2024-08-12,ZBH,-0.277437245272352,rebalance
2024-08-12,ZBRA,-3.0254498730658893e-06,rebalance
2024-08-12,ADP,-0.04,rebalance
2024-08-12,AEP,-0.04,rebalance
2024-08-12,BALL,0.04,rebalance
2024-08-12,ALGN,0.0,close_nonmember
2024-08-12,ENPH,0.0,close_nonmember
2024-08-12,EQR,0.0,close_nonmember
2024-08-12,ERIE,0.0,close_nonmember
2024-08-12,HOLX,0.0,close_nonmember
2024-08-12,KLAC,0.0,close_nonmember
2024-08-12,MDT,0.0,close_nonmember
2024-08-12,MPWR,0.0,close_nonmember
2024-08-12,PKG,0.0,close_nonmember
2024-08-12,SPGI,0.0,close_nonmember
2024-08-12,TSLA,0.0,close_nonmember
2024-08-12,UDR,0.0,close_nonmember
2024-08-19,SMCI,-0.14945640933202645,rebalance
2024-08-19,ON,0.04,rebalance
2024-08-19,INTC,-0.2416155661412425,rebalance
2024-08-19,AVGO,-0.19114230842826826,rebalance
2024-08-19,NVDA,0.7517880117291125,rebalance
2024-08-19,MPWR,-0.2565158808313875,rebalance
2024-08-19,MRNA,9.860619253598753e-05,rebalance
2024-08-19,ABNB,0.04,rebalance
2024-08-19,TSLA,-0.04,rebalance
2024-08-19,IBKR,0.04,rebalance
2024-08-19,FE,-0.04,rebalance
2024-08-19,AEP,-0.04,rebalance
2024-08-19,BK,-0.0012670544985647824,rebalance
2024-08-19,CME,0.008083239134695655,rebalance
2024-08-19,CMS,0.04,rebalance
2024-08-19,COF,-0.04,rebalance
2024-08-19,NI,0.04,rebalance
2024-08-19,XEL,0.04,rebalance
2024-08-19,KDP,3.014294365573687e-05,rebalance
2024-08-19,PPL,-2.7807685106087724e-06,rebalance
2024-08-19,ADP,0.0,close_nonmember
2024-08-19,AMAT,0.0,close_nonmember
2024-08-19,AMD,0.0,close_nonmember
2024-08-19,BALL,0.0,close_nonmember
2024-08-19,LKQ,0.0,close_nonmember
2024-08-19,PCG,0.0,close_nonmember
2024-08-19,QCOM,0.0,close_nonmember
2024-08-19,VST,0.0,close_nonmember
2024-08-19,YUM,0.0,close_nonmember
2024-08-19,ZBH,0.0,close_nonmember
2024-08-26,INTC,-0.04,rebalance
2024-08-26,MGM,-0.04,rebalance
2024-08-26,NVDA,0.04,rebalance
2024-08-26,SMCI,-0.00343494584077998,rebalance
2024-08-26,AVGO,0.04,rebalance
2024-08-26,CZR,0.04,rebalance
2024-08-26,VST,0.04,rebalance
2024-08-26,ALB,0.04,rebalance
2024-08-26,LRCX,-0.02562515648540429,rebalance
2024-08-26,AXON,0.04,rebalance
2024-08-26,VTR,-6.801698227793699e-07,rebalance
2024-08-26,WEC,-0.46687271622808957,rebalance
2024-08-26,HON,-0.04,rebalance
2024-08-26,HRL,-0.22406467452405024,rebalance
2024-08-26,HSIC,-1.826751853199452e-06,rebalance
2024-08-26,PEP,0.76,rebalance
2024-08-26,CTAS,-0.04,rebalance
2024-08-26,LIN,-0.04,rebalance
2024-08-26,LKQ,-0.04,rebalance
2024-08-26,PPL,-0.04,rebalance
2024-08-26,ABNB,0.0,close_nonmember
2024-08-26,AEP,0.0,close_nonmember
2024-08-26,BK,0.0,close_nonmember
2024-08-26,CME,0.0,close_nonmember
2024-08-26,CMS,0.0,close_nonmember
2024-08-26,COF,0.0,close_nonmember
2024-08-26,FE,0.0,close_nonmember
2024-08-26,IBKR,0.0,close_nonmember
2024-08-26,MPWR,0.0,close_nonmember
2024-08-26,MRNA,0.0,close_nonmember
2024-08-26,NI,0.0,close_nonmember
2024-08-26,ON,0.0,close_nonmember
2024-08-26,TSLA,0.0,close_nonmember
2024-08-26,XEL,0.0,close_nonmember
2024-09-03,NRG,0.04,rebalance
2024-09-03,ON,-0.04,rebalance
2024-09-03,ADI,0.04,rebalance
2024-09-03,SMCI,0.04,rebalance
2024-09-03,NVDA,0.04,rebalance
2024-09-03,INTC,-0.04,rebalance
2024-09-03,ALB,0.2545232865663611,rebalance
2024-09-03,WBD,0.425476713433639,rebalance
2024-09-03,VST,0.04,rebalance
2024-09-03,AMD,0.04,rebalance
2024-09-03,TRV,-4.822146868196167e-06,rebalance
2024-09-03,WEC,-0.04,rebalance
2024-09-03,PEG,-0.04,rebalance
2024-09-03,DTE,-0.04,rebalance
2024-09-03,KO,-0.04,rebalance
2024-09-03,LMT,0.04,rebalance
2024-09-03,LNT,-0.26135776097663865,rebalance
2024-09-03,MO,0.04,rebalance
2024-09-03,NI,-2.952465133155964e-06,rebalance
2024-09-03,NOC,-0.4986344644113599,rebalance
2024-09-03,AVGO,0.0,close_nonmember
2024-09-03,AXON,0.0,close_nonmember
2024-09-03,CTAS,0.0,close_nonmember
2024-09-03,CZR,0.0,close_nonmember
2024-09-03,HON,0.0,close_nonmember
2024-09-03,HRL,0.0,close_nonmember
2024-09-03,LIN,0.0,close_nonmember
2024-09-03,LKQ,0.0,close_nonmember
2024-09-03,LRCX,0.0,close_nonmember
2024-09-03,MGM,0.0,close_nonmember
2024-09-03,PEP,0.0,close_nonmember
2024-09-03,PPL,0.0,close_nonmember
2024-09-09,VST,0.4630501879389529,rebalance
2024-09-09,SMCI,-0.6799965606369783,rebalance
2024-09-09,WBA,0.04,rebalance
2024-09-09,ENPH,0.04,rebalance
2024-09-09,NKE,0.04,rebalance
2024-09-09,WSM,-0.04,rebalance
2024-09-09,AVGO,0.04,rebalance
2024-09-09,ALB,-3.4393630217385323e-06,rebalance
2024-09-09,KLAC,0.21694981206104702,rebalance
2024-09-09,LULU,0.04,rebalance
2024-09-09,PGR,0.04,rebalance
2024-09-09,SYK,-0.04,rebalance
2024-09-09,TYL,-0.04,rebalance
2024-09-09,UNP,-0.04,rebalance
2024-09-09,FE,0.04,rebalance
2024-09-09,NI,-0.04,rebalance
2024-09-09,AON,-0.04,rebalance
2024-09-09,DUK,-0.04,rebalance
2024-09-09,SPGI,-0.04,rebalance
2024-09-09,VRSK,0.04,rebalance
2024-09-09,ADI,0.0,close_nonmember
2024-09-09,AMD,0.0,close_nonmember
2024-09-09,INTC,0.0,close_nonmember
2024-09-09,LNT,0.0,close_nonmember
2024-09-09,MO,0.0,close_nonmember
2024-09-09,NOC,0.0,close_nonmember
2024-09-09,NRG,0.0,close_nonmember
2024-09-09,NVDA,0.0,close_nonmember
2024-09-09,ON,0.0,close_nonmember
2024-09-09,WBD,0.0,close_nonmember
2024-09-09,WEC,0.0,close_nonmember
2024-09-16,MRNA,-0.04,rebalance
2024-09-16,FSLR,0.04,rebalance
2024-09-16,HUM,0.04,rebalance
2024-09-16,NVDA,0.7199539382518176,rebalance
2024-09-16,ON,0.04,rebalance
2024-09-16,WBA,-0.7149290218335008,rebalance
2024-09-16,APA,3.687948622440702e-05,rebalance
2024-09-16,SMCI,-0.04,rebalance
2024-09-16,MU,-0.04506363400861629,rebalance
2024-09-16,ENPH,0.04,rebalance
2024-09-16,LKQ,-5.995520592687995e-06,rebalance
2024-09-16,MAA,-1.348637290183178e-06,rebalance
2024-09-16,MSI,-0.04,rebalance
2024-09-16,PEG,-0.04,rebalance
2024-09-16,NI,0.04,rebalance
2024-09-16,AWK,0.04,rebalance
2024-09-16,CMS,0.04,rebalance
2024-09-16,COF,9.182261957972222e-06,rebalance
2024-09-16,PPL,-0.04,rebalance
2024-09-16,WEC,-0.04,rebalance
2024-09-16,AON,0.0,close_nonmember
2024-09-16,AVGO,0.0,close_nonmember
2024-09-16,DUK,0.0,close_nonmember
2024-09-16,FE,0.0,close_nonmember
2024-09-16,KLAC,0.0,close_nonmember
2024-09-16,LULU,0.0,close_nonmember
2024-09-16,NKE,0.0,close_nonmember
2024-09-16,PGR,0.0,close_nonmember
2024-09-16,SPGI,0.0,close_nonmember
2024-09-16,SYK,0.0,close_nonmember
2024-09-16,TYL,0.0,close_nonmember
2024-09-16,UNP,0.0,close_nonmember
2024-09-16,VRSK,0.0,close_nonmember
2024-09-16,VST,0.0,close_nonmember
2024-09-16,WSM,0.0,close_nonmember
2024-09-23,VST,0.04,rebalance
2024-09-23,MRNA,-0.04,rebalance
2024-09-23,ENPH,0.04,rebalance
2024-09-23,WBD,3.666223624296311e-05,rebalance
2024-09-23,TSLA,0.04,rebalance
2024-09-23,PLTR,0.04,rebalance
2024-09-23,REGN,0.04,rebalance
2024-09-23,ALB,-5.524790827375554e-06,rebalance
2024-09-23,WBA,-0.6809443887059016,rebalance
2024-09-23,APA,0.00010517343619073829,rebalance
2024-09-23,PSA,-1.0097727178066951e-05,rebalance
2024-09-23,K,4.168728845893908e-05,rebalance
2024-09-23,MCD,-0.04,rebalance
2024-09-23,ATO,0.5838436394476,rebalance
2024-09-23,ETR,-0.04,rebalance
2024-09-23,EVRG,5.5413923802478294e-05,rebalance
2024-09-23,FI,-0.04,rebalance
2024-09-23,SPY,4.9110224556420214e-05,rebalance
2024-09-23,STE,-0.15903998877609304,rebalance
2024-09-23,NI,0.2158683134431484,rebalance
2024-09-23,AWK,0.0,close_nonmember
2024-09-23,CMS,0.0,close_nonmember
2024-09-23,FSLR,0.0,close_nonmember
2024-09-23,HUM,0.0,close_nonmember
2024-09-23,MSI,0.0,close_nonmember
2024-09-23,MU,0.0,close_nonmember
2024-09-23,NVDA,0.0,close_nonmember
2024-09-23,ON,0.0,close_nonmember
2024-09-23,PEG,0.0,close_nonmember
2024-09-23,PPL,0.0,close_nonmember
2024-09-23,SMCI,0.0,close_nonmember
2024-09-23,WEC,0.0,close_nonmember
2024-09-30,MU,0.04,rebalance
2024-09-30,INTC,-0.04,rebalance
2024-09-30,FSLR,0.04,rebalance
2024-09-30,SMCI,0.04,rebalance
2024-09-30,WBD,-8.129944648219121e-07,rebalance
2024-09-30,ENPH,1.0718281005509922e-05,rebalance
2024-09-30,ON,-0.04,rebalance
2024-09-30,TSLA,0.7599766177591532,rebalance
2024-09-30,MRNA,0.04,rebalance
2024-09-30,VST,0.04,rebalance
2024-09-30,CSCO,-0.04,rebalance
2024-09-30,CSGP,-9.202314284785062e-06,rebalance
2024-09-30,SPY,-4.4452202693908565e-06,rebalance
2024-09-30,STE,-0.04,rebalance
2024-09-30,FE,0.04,rebalance
2024-09-30,K,1.2663959841310261e-05,rebalance
2024-09-30,ETR,-0.04,rebalance
2024-09-30,PPL,-0.04,rebalance
2024-09-30,MCD,-0.7599716425421688,rebalance
2024-09-30,NI,-1.3896928812242892e-05,rebalance
2024-09-30,APA,0.0,close_nonmember
2024-09-30,ATO,0.0,close_nonmember
2024-09-30,FI,0.0,close_nonmember
2024-09-30,PLTR,0.0,close_nonmember
2024-09-30,REGN,0.0,close_nonmember
2024-09-30,WBA,0.0,close_nonmember
2024-10-07,MRNA,0.04,rebalance
2024-10-07,VST,-0.04,rebalance
2024-10-07,HUM,0.04,rebalance
2024-10-07,ICE,0.04,rebalance
2024-10-07,ALB,-3.704534161064949e-06,rebalance
2024-10-07,ADBE,0.04,rebalance
2024-10-07,WBD,0.32500915712089634,rebalance
2024-10-07,IBKR,-0.04,rebalance
2024-10-07,GS,-4.968814453062327e-05,rebalance
2024-10-07,SMCI,-0.7199273541191332,rebalance
2024-10-07,MMM,-0.04,rebalance
2024-10-07,SNA,0.04,rebalance
2024-10-07,ECL,-4.1243455422205217e-07,rebalance
2024-10-07,JNJ,-0.04,rebalance
2024-10-07,AEE,0.04,rebalance
2024-10-07,ETR,-0.04,rebalance
2024-10-07,FIS,-0.04,rebalance
2024-10-07,K,0.43499084287910367,rebalance
2024-10-07,SPY,-1.8840767620922876e-05,rebalance
2024-10-07,STE,-0.04,rebalance
2024-10-07,CSCO,0.0,close_nonmember
2024-10-07,ENPH,0.0,close_nonmember
2024-10-07,FE,0.0,close_nonmember
2024-10-07,FSLR,0.0,close_nonmember
2024-10-07,INTC,0.0,close_nonmember
2024-10-07,MCD,0.0,close_nonmember
2024-10-07,MU,0.0,close_nonmember
2024-10-07,ON,0.0,close_nonmember
2024-10-07,PPL,0.0,close_nonmember
2024-10-07,TSLA,0.0,close_nonmember
2024-10-14,MRNA,0.710897047378653,rebalance
2024-10-14,IBKR,0.04,rebalance
2024-10-14,ICE,0.04,rebalance
2024-10-14,TSLA,-0.04,rebalance
2024-10-14,HUM,0.04,rebalance
2024-10-14,ALB,9.169306187488114e-06,rebalance
2024-10-14,GPN,0.04,rebalance
2024-10-14,SMCI,0.009093783315159589,rebalance
2024-10-14,KMX,0.04,rebalance
2024-10-14,FSLR,0.04,rebalance
2024-10-14,TYL,-0.04,rebalance
2024-10-14,KMB,-0.28354012681579366,rebalance
2024-10-14,CMS,0.04,rebalance
2024-10-14,COF,-0.04,rebalance
2024-10-14,JCI,-0.04,rebalance
2024-10-14,JKHY,-0.04,rebalance
2024-10-14,MDT,-0.04,rebalance
2024-10-14,ATO,-0.04,rebalance
2024-10-14,SPY,-0.3964598731842063,rebalance
2024-10-14,STE,-0.04,rebalance
2024-10-14,ADBE,0.0,close_nonmember
2024-10-14,AEE,0.0,close_nonmember
2024-10-14,ETR,0.0,close_nonmember
2024-10-14,FIS,0.0,close_nonmember
2024-10-14,JNJ,0.0,close_nonmember
2024-10-14,K,0.0,close_nonmember
2024-10-14,MMM,0.0,close_nonmember
2024-10-14,SNA,0.0,close_nonmember
2024-10-14,VST,0.0,close_nonmember
2024-10-14,WBD,0.0,close_nonmember
2024-10-21,CL,-0.04,rebalance
2024-10-21,FSLR,1.4119827132496797e-07,rebalance
2024-10-21,HPE,0.04,rebalance
2024-10-21,ENPH,0.2078271562041795,rebalance
2024-10-21,IBKR,-0.7199900763080876,rebalance
2024-10-21,WSM,0.04,rebalance
2024-10-21,ICE,0.2447030057024835,rebalance
2024-10-21,CLX,0.1684199608063827,rebalance
2024-10-21,HUM,0.04,rebalance
2024-10-21,MRNA,-0.04,rebalance
2024-10-21,ETR,-0.04,rebalance
2024-10-21,EVRG,0.04,rebalance
2024-10-21,K,0.11042431089177572,rebalance
2024-10-21,LIN,-3.6011249594851124e-06,rebalance
2024-10-21,LKQ,-0.04,rebalance
2024-10-21,MSI,-0.04,rebalance
2024-10-21,PKG,-0.04,rebalance
2024-10-21,SPY,-6.3225669529583295e-06,rebalance
2024-10-21,STE,-0.04,rebalance
2024-10-21,MCD,0.10862542519690724,rebalance
2024-10-21,GPN,0.0,close_nonmember
2024-10-21,SMCI,0.0,close_nonmember
2024-10-21,TSLA,0.0,close_nonmember
2024-10-28,TSLA,0.47046172215797166,rebalance
2024-10-28,FSLR,0.04,rebalance
2024-10-28,ENPH,-0.04,rebalance
2024-10-28,WSM,0.04,rebalance
2024-10-28,MHK,0.04,rebalance
2024-10-28,CNC,0.04,rebalance
2024-10-28,UNH,0.04,rebalance
2024-10-28,GPC,-0.04,rebalance
2024-10-28,MOH,7.045727606763535e-06,rebalance
2024-10-28,CCL,-0.04,rebalance
2024-10-28,MA,-0.04,rebalance
2024-10-28,FOXA,-0.13445718809504711,rebalance
2024-10-28,K,0.04,rebalance
2024-10-28,LIN,-0.5455428119049529,rebalance
2024-10-28,LKQ,-0.04,rebalance
2024-10-28,PG,-0.04,rebalance
2024-10-28,PGR,0.04,rebalance
2024-10-28,SPY,0.2495312321144216,rebalance
2024-10-28,STE,-0.04,rebalance
2024-10-28,BDX,-0.04,rebalance
2024-10-28,CL,0.0,close_nonmember
2024-10-28,CLX,0.0,close_nonmember
2024-10-28,ETR,0.0,close_nonmember
2024-10-28,EVRG,0.0,close_nonmember
2024-10-28,HPE,0.0,close_nonmember
2024-10-28,HUM,0.0,close_nonmember
2024-10-28,IBKR,0.0,close_nonmember
2024-10-28,ICE,0.0,close_nonmember
2024-10-28,MCD,0.0,close_nonmember
2024-10-28,MRNA,0.0,close_nonmember
2024-10-28,MSI,0.0,close_nonmember
2024-10-28,PKG,0.0,close_nonmember
2024-11-04,ENPH,0.04,rebalance
2024-11-04,MPWR,-0.04,rebalance
2024-11-04,APTV,-0.04,rebalance
2024-11-04,TSLA,0.04,rebalance
2024-11-04,WBA,0.2560643182787836,rebalance
2024-11-04,VST,0.17239402083054126,rebalance
2024-11-04,SMCI,0.04,rebalance
2024-11-04,AES,0.04,rebalance
2024-11-04,MGM,0.2915416608906752,rebalance
2024-11-04,LLY,0.04,rebalance
2024-11-04,SYY,-0.04,rebalance
2024-11-04,WMT,0.04,rebalance
2024-11-04,GIS,0.04,rebalance
2024-11-04,SPY,-0.2123945876975823,rebalance
2024-11-04,STE,-0.04,rebalance
2024-11-04,DIS,-0.46760541230241776,rebalance
2024-11-04,PAYX,-0.04,rebalance
2024-11-04,ADP,-0.04,rebalance
2024-11-04,AEP,-0.04,rebalance
2024-11-04,K,-0.04,rebalance
2024-11-04,BDX,0.0,close_nonmember
2024-11-04,CCL,0.0,close_nonmember
2024-11-04,CNC,0.0,close_nonmember
2024-11-04,FOXA,0.0,close_nonmember
2024-11-04,FSLR,0.0,close_nonmember
2024-11-04,GPC,0.0,close_nonmember
2024-11-04,LIN,0.0,close_nonmember
2024-11-04,LKQ,0.0,close_nonmember
2024-11-04,MA,0.0,close_nonmember
2024-11-04,MHK,0.0,close_nonmember
2024-11-04,PG,0.0,close_nonmember
2024-11-04,PGR,0.0,close_nonmember
2024-11-04,UNH,0.0,close_nonmember
2024-11-04,WSM,0.0,close_nonmember
2024-11-11,MPWR,-0.04,rebalance
2024-11-11,WBA,0.04,rebalance
2024-11-11,ENPH,0.04,rebalance
2024-11-11,PLTR,-0.04,rebalance
2024-11-11,SMCI,0.04,rebalance
2024-11-11,TSLA,0.04,rebalance
2024-11-11,AXON,0.04,rebalance
2024-11-11,KLAC,-0.04,rebalance
2024-11-11,TER,0.7599816946959014,rebalance
2024-11-11,MTCH,1.5115510799700098e-05,rebalance
2024-11-11,MA,2.2717929600802876e-06,rebalance
2024-11-11,VRSK,-0.04,rebalance
2024-11-11,FDS,-7.0167401866014095e-06,rebalance
2024-11-11,PNR,-0.6942958829453135,rebalance
2024-11-11,BSX,-0.04,rebalance
2024-11-11,REG,9.180003390221798e-07,rebalance
2024-11-11,SPY,-0.025697100314499736,rebalance
2024-11-11,STE,-0.04,rebalance
2024-11-11,TJX,-0.04,rebalance
2024-11-11,TMO,0.04,rebalance
2024-11-11,ADP,0.0,close_nonmember
2024-11-11,AEP,0.0,close_nonmember
2024-11-11,AES,0.0,close_nonmember
2024-11-11,APTV,0.0,close_nonmember
2024-11-11,DIS,0.0,close_nonmember
2024-11-11,GIS,0.0,close_nonmember
2024-11-11,K,0.0,close_nonmember
2024-11-11,LLY,0.0,close_nonmember
2024-11-11,MGM,0.0,close_nonmember
2024-11-11,PAYX,0.0,close_nonmember
2024-11-11,SYY,0.0,close_nonmember
2024-11-11,VST,0.0,close_nonmember
2024-11-11,WMT,0.0,close_nonmember
2024-11-18,SMCI,0.04,rebalance
2024-11-18,PLTR,-0.04,rebalance
2024-11-18,ENPH,-0.04,rebalance
2024-11-18,MPWR,-0.09826064802327246,rebalance
2024-11-18,TSLA,0.04,rebalance
2024-11-18,AXON,0.04,rebalance
2024-11-18,FSLR,-0.34377692497223916,rebalance
2024-11-18,MRNA,0.04,rebalance
2024-11-18,CZR,-0.04,rebalance
2024-11-18,WBD,6.367747757007097e-05,rebalance
2024-11-18,ECL,4.9389397796401086e-06,rebalance
2024-11-18,K,0.2655951251202006,rebalance
2024-11-18,XOM,8.14403893385286e-06,rebalance
2024-11-18,ITW,-0.04,rebalance
2024-11-18,STZ,-0.1589774246792647,rebalance
2024-11-18,VRSK,-0.15898500232522353,rebalance
2024-11-18,EVRG,0.5743102853591603,rebalance
2024-11-18,PNR,-0.04,rebalance
2024-11-18,SPY,1.7829064355347628e-05,rebalance
2024-11-18,STE,-0.04,rebalance
2024-11-18,BSX,0.0,close_nonmember
2024-11-18,KLAC,0.0,close_nonmember
2024-11-18,TER,0.0,close_nonmember
2024-11-18,TJX,0.0,close_nonmember
2024-11-18,TMO,0.0,close_nonmember
2024-11-18,WBA,0.0,close_nonmember
2024-11-25,AXON,0.04,rebalance
2024-11-25,PLTR,-0.04,rebalance
2024-11-25,SMCI,0.04,rebalance
2024-11-25,TPL,1.4226583261945592e-05,rebalance
2024-11-25,MRNA,1.3914576873836717e-05,rebalance
2024-11-25,ENPH,0.7599718588398643,rebalance
2024-11-25,MPWR,-0.04,rebalance
2024-11-25,FSLR,0.04,rebalance
2024-11-25,WSM,0.04,rebalance
2024-11-25,TSLA,-0.7198857302851789,rebalance
2024-11-25,HLT,-0.04,rebalance
2024-11-25,PG,-1.3162420933625297e-05,rebalance
2024-11-25,PGR,-0.04,rebalance
2024-11-25,TMUS,-4.950530732333015e-05,rebalance
2024-11-25,VRSK,-0.04,rebalance
2024-11-25,WEC,-0.04,rebalance
2024-11-25,SPGI,0.04,rebalance
2024-11-25,ATO,0.04,rebalance
2024-11-25,EVRG,-0.04,rebalance
2024-11-25,KIM,-5.160198656418521e-05,rebalance
2024-11-25,CZR,0.0,close_nonmember
2024-11-25,ITW,0.0,close_nonmember
2024-11-25,K,0.0,close_nonmember
2024-11-25,PNR,0.0,close_nonmember
2024-11-25,STE,0.0,close_nonmember
2024-11-25,STZ,0.0,close_nonmember
2024-11-25,WBD,0.0,close_nonmember
2024-12-02,ENPH,-0.3902268780276755,rebalance
2024-12-02,SMCI,0.04,rebalance
2024-12-02,MPWR,0.04,rebalance
2024-12-02,MRNA,0.04,rebalance
2024-12-02,VST,-0.3697535699329804,rebalance
2024-12-02,TPL,-3.1523035561146197e-06,rebalance
2024-12-02,WBD,-4.7482793587791905e-07,rebalance
2024-12-02,PLTR,-0.04,rebalance
2024-12-02,WSM,0.04,rebalance
2024-12-02,ALB,0.04,rebalance
2024-12-02,PGR,-7.798246944522965e-06,rebalance
2024-12-02,WMT,0.04,rebalance
2024-12-02,JNJ,-0.04,rebalance
2024-12-02,K,0.6346987121740348,rebalance
2024-12-02,LIN,-0.04,rebalance
2024-12-02,LKQ,-0.04,rebalance
2024-12-02,MO,-0.04,rebalance
2024-12-02,SPGI,0.12530128782596514,rebalance
2024-12-02,SPY,-8.126660907626464e-06,rebalance
2024-12-02,STE,-0.04,rebalance
2024-12-02,ATO,0.0,close_nonmember
2024-12-02,AXON,0.0,close_nonmember
2024-12-02,EVRG,0.0,close_nonmember
2024-12-02,FSLR,0.0,close_nonmember
2024-12-02,HLT,0.0,close_nonmember
2024-12-02,KIM,0.0,close_nonmember
2024-12-02,TSLA,0.0,close_nonmember
2024-12-02,VRSK,0.0,close_nonmember
2024-12-02,WEC,0.0,close_nonmember
2024-12-09,PLTR,0.04,rebalance
2024-12-09,TSLA,8.841825434997501e-06,rebalance
2024-12-09,SMCI,0.3806605887936813,rebalance
2024-12-09,DDOG,0.2442696104772458,rebalance
2024-12-09,ENPH,0.04,rebalance
2024-12-09,OMC,0.04,rebalance
2024-12-09,MCHP,0.04,rebalance
2024-12-09,ALB,0.04,rebalance
2024-12-09,TPL,8.983466680421958e-06,rebalance
2024-12-09,CHTR,-0.04,rebalance
2024-12-09,UDR,-0.4121719524049109,rebalance
2024-12-09,C,-0.04,rebalance
2024-12-09,PTC,-0.04,rebalance
2024-12-09,TROW,0.04,rebalance
2024-12-09,ECL,-0.04,rebalance
2024-12-09,K,2.977225220862158e-06,rebalance
2024-12-09,KIM,0.13504899821173647,rebalance
2024-12-09,L,-0.04,rebalance
2024-12-09,SPY,-0.38782641201613904,rebalance
2024-12-09,STE,-1.635578950167325e-06,rebalance
2024-12-09,JNJ,0.0,close_nonmember
2024-12-09,LIN,0.0,close_nonmember
2024-12-09,LKQ,0.0,close_nonmember
2024-12-09,MO,0.0,close_nonmember
2024-12-09,MPWR,0.0,close_nonmember
2024-12-09,MRNA,0.0,close_nonmember
2024-12-09,PGR,0.0,close_nonmember
2024-12-09,SPGI,0.0,close_nonmember
2024-12-09,VST,0.0,close_nonmember
2024-12-09,WMT,0.0,close_nonmember
2024-12-09,WSM,0.0,close_nonmember
2024-12-16,WBD,5.06404211051919e-06,rebalance
2024-12-16,TPL,4.255603450241446e-06,rebalance
2024-12-16,ICE,0.04,rebalance
2024-12-16,SMCI,0.04,rebalance
2024-12-16,AVGO,0.04,rebalance
2024-12-16,WDC,0.7599842203464646,rebalance
2024-12-16,PLTR,-0.3363660272171823,rebalance
2024-12-16,ENPH,0.04,rebalance
2024-12-16,WBA,6.460007974574382e-06,rebalance
2024-12-16,TSLA,0.04,rebalance
2024-12-16,AME,0.04,rebalance
2024-12-16,AMP,-6.277350002896191e-07,rebalance
2024-12-16,ANET,-0.04,rebalance
2024-12-16,EXPD,-9.505464669917163e-07,rebalance
2024-12-16,EXR,-3.5266885941938583e-06,rebalance
2024-12-16,ITW,-0.4636288678127561,rebalance
2024-12-16,MA,-0.04,rebalance
2024-12-16,PAYX,-0.04,rebalance
2024-12-16,ORLY,-0.04,rebalance
2024-12-16,OTIS,-0.04,rebalance
2024-12-16,ALB,0.0,close_nonmember
2024-12-16,C,0.0,close_nonmember
2024-12-16,DDOG,0.0,close_nonmember
2024-12-16,ECL,0.0,close_nonmember
2024-12-16,K,0.0,close_nonmember
2024-12-16,KIM,0.0,close_nonmember
2024-12-16,L,0.0,close_nonmember
2024-12-16,PTC,0.0,close_nonmember
2024-12-16,SPY,0.0,close_nonmember
2024-12-16,STE,0.0,close_nonmember
2024-12-16,TROW,0.0,close_nonmember
2024-12-16,UDR,0.0,close_nonmember
2024-12-23,TSLA,-0.04,rebalance
2024-12-23,DXCM,0.04,rebalance
2024-12-23,VST,0.04,rebalance
2024-12-23,DRI,0.04,rebalance
2024-12-23,OMC,3.7869553969333226e-06,rebalance
2024-12-23,PLTR,-0.04,rebalance
2024-12-23,TPL,9.88470871318958e-07,rebalance
2024-12-23,HUM,-0.04,rebalance
2024-12-23,ICE,0.04,rebalance
2024-12-23,SMCI,0.04,rebalance
2024-12-23,COF,0.25775693347900275,rebalance
2024-12-23,EVRG,0.24447777329594253,rebalance
2024-12-23,OTIS,-0.04,rebalance
2024-12-23,FE,-0.04,rebalance
2024-12-23,KMB,0.25776051779878656,rebalance
2024-12-23,PAYX,-0.04,rebalance
2024-12-23,PPL,-0.350480922322897,rebalance
2024-12-23,BRK-B,-0.04,rebalance
2024-12-23,K,-0.36951907767710296,rebalance
2024-12-23,VRSK,0.04,rebalance
2024-12-23,AME,0.0,close_nonmember
2024-12-23,ANET,0.0,close_nonmember
2024-12-23,AVGO,0.0,close_nonmember
2024-12-23,ENPH,0.0,close_nonmember
2024-12-23,ITW,0.0,close_nonmember
2024-12-23,MA,0.0,close_nonmember
2024-12-23,ORLY,0.0,close_nonmember
2024-12-23,WDC,0.0,close_nonmember
2024-12-30,SMCI,0.5469567676928211,rebalance
2024-12-30,TPL,4.331575673471258e-06,rebalance
2024-12-30,AVGO,0.04,rebalance
2024-12-30,MRNA,0.04,rebalance
2024-12-30,TSLA,-0.04,rebalance
2024-12-30,LULU,0.04,rebalance
2024-12-30,PLTR,-0.04,rebalance
2024-12-30,ON,0.04,rebalance
2024-12-30,BF-B,0.04,rebalance
2024-12-30,ENPH,-0.04,rebalance
2024-12-30,KO,-0.04,rebalance
2024-12-30,LMT,0.04,rebalance
2024-12-30,LNT,0.21303890073150547,rebalance
2024-12-30,NOC,-0.04,rebalance
2024-12-30,PPG,-8.16948865378439e-06,rebalance
2024-12-30,WEC,-0.7199887810169607,rebalance
2024-12-30,EVRG,-2.5606890751082747e-06,rebalance
2024-12-30,K,-0.04,rebalance
2024-12-30,SPY,-4.888053104788037e-07,rebalance
2024-12-30,STE,-0.04,rebalance
2024-12-30,BRK-B,0.0,close_nonmember
2024-12-30,COF,0.0,close_nonmember
2024-12-30,DRI,0.0,close_nonmember
2024-12-30,DXCM,0.0,close_nonmember
2024-12-30,FE,0.0,close_nonmember
2024-12-30,HUM,0.0,close_nonmember
2024-12-30,ICE,0.0,close_nonmember
2024-12-30,OTIS,0.0,close_nonmember
2024-12-30,PAYX,0.0,close_nonmember
2024-12-30,PPL,0.0,close_nonmember
2024-12-30,VRSK,0.0,close_nonmember
2024-12-30,VST,0.0,close_nonmember
